timestamp_ms,ax,ay,az,gx,gy,gz
0,-3.8684,-0.2289,-1.6553,-1070.07,812.19,-1143.98
10,-3.8687,-0.2831,-1.5752,-1288.82,140.14,1215.52
20,-3.8691,-0.3379,-1.4763,-226.32,-1609.99,934.39
30,-3.8698,-0.4137,-1.3719,758.06,-953.80,497.07
40,-3.8704,-0.4982,-1.2744,-945.07,405.40,216.06
50,-3.8710,-0.5736,-1.1855,242.43,889.65,1981.87
60,-3.8715,-0.6324,-1.0853,-1413.82,264.47,1591.43
70,-3.8719,-0.6716,-0.9519,-945.07,1092.47,1575.99
80,-3.8724,-0.7072,-0.8046,-1960.69,-1829.47,1341.86
90,-3.8729,-0.7617,-0.6779,1492.43,1029.85,1873.41
100,-3.8733,-0.8234,-0.5834,-1491.94,1248.47,1436.16
110,-3.8735,-0.8566,-0.5225,-1382.57,1342.10,-1485.53
120,-3.8735,-0.8412,-0.4911,-1632.57,1138.92,1420.84
130,-3.8735,-0.7814,-0.4723,336.18,1154.60,-1344.73
140,-3.8735,-0.7013,-0.4518,-7.57,-439.09,1920.90
150,-3.8737,-0.6334,-0.4248,-1757.57,-1813.90,1858.46
160,-3.8739,-0.5880,-0.3835,-1070.07,1639.34,-1110.23
170,-3.8741,-0.5614,-0.3301,742.43,-1079.28,1655.46
180,-3.8745,-0.5575,-0.2773,148.68,1764.53,-703.80
190,-3.8748,-0.5651,-0.2300,648.68,514.53,1061.95
200,-3.8439,-0.5640,-0.1866,-320.07,-1423.03,-1078.61
210,-3.8441,-0.5485,-0.1503,-179.44,123.84,749.63
220,-3.8445,-0.5199,-0.1205,1804.93,780.15,-1000.31
230,-3.8447,-0.4755,-0.0991,1461.18,592.71,-1859.62
240,-3.8450,-0.4188,-0.0897,-851.32,-672.85,-625.24
250,-3.8451,-0.3600,-0.0875,-1601.32,530.40,-765.81
260,-3.8451,-0.3070,-0.0894,1929.93,811.77,890.44
270,-3.8452,-0.2651,-0.1011,711.18,577.51,-562.68
280,-3.8452,-0.2377,-0.1226,-1929.44,-922.42,-1203.37
290,-3.8452,-0.2334,-0.1443,1586.18,327.64,1952.88
300,-3.8453,-0.2512,-0.1581,-1866.94,1546.39,-375.31
310,-3.8455,-0.2686,-0.1627,-148.19,-219.30,-297.24
320,-3.8456,-0.2708,-0.1678,1633.06,-813.05,-1859.74
330,-3.8458,-0.2704,-0.1855,1351.81,-1469.30,-0.37
340,-3.8459,-0.2736,-0.2235,1398.68,265.08,-1703.49
350,-3.8461,-0.2668,-0.2838,992.43,-594.30,640.14
360,-3.8463,-0.2419,-0.3823,1851.81,-313.05,-859.99
370,-3.8463,-0.1941,-0.5482,1039.31,-922.36,217.96
380,-3.8463,-0.1044,-0.7676,-835.69,1843.32,1577.03
390,-3.8462,0.0483,-0.9902,-1351.32,1765.38,1529.72
400,-3.8462,0.2627,-1.1835,-1804.44,1250.06,-876.95
410,-3.8463,0.5178,-1.3372,1633.06,516.11,-1564.82
420,-3.8466,0.7930,-1.4768,-1710.69,844.73,825.50
430,-3.8469,1.0914,-1.6637,1508.06,-1029.72,1247.07
440,-3.8472,1.4418,-1.9214,-288.82,-951.05,1981.08
450,-3.8469,1.8601,-2.1703,554.93,-1934.69,89.97
460,-3.8466,2.3324,-2.3113,-1898.19,-1793.27,-35.52
470,-3.8462,2.7864,-2.2957,-1445.07,160.77,-848.27
480,-3.8462,3.1011,-2.1425,664.31,-1838.32,-1567.02
490,-3.8466,3.2273,-1.8938,945.56,1771.67,-863.59
500,-3.8470,3.2375,-1.5778,1101.81,1600.04,1621.28
510,-3.8477,3.2571,-1.2537,-1585.69,-1946.84,934.39
520,-3.8484,3.3713,-0.9810,914.31,-462.40,-877.50
530,-3.8489,3.5613,-0.8313,-460.69,-1555.97,-283.20
540,-3.8488,3.7155,-0.8995,-148.19,1600.65,576.48
550,-3.8479,3.6910,-1.2539,-413.82,866.58,545.10
560,-3.8461,3.4279,-1.8376,461.18,-492.80,-1018.13
570,-3.8745,2.9799,-2.4635,-1226.32,787.90,1715.15
580,-3.8713,2.4082,-2.9335,1429.93,677.67,510.80
590,-3.8684,1.7360,-3.1351,258.06,520.32,1947.39
600,-3.8660,1.0000,-3.0739,-1788.82,-1293.52,-1959.29
610,-3.8643,0.3046,-2.8420,8.06,-1451.17,-193.54
620,-3.8632,-0.1887,-2.5425,-1007.57,219.30,-5.55
630,-3.8625,-0.3660,-2.2698,-148.19,-1422.30,1604.37
640,-3.8624,-0.2471,-2.0817,1164.31,1483.64,417.42
650,-3.8628,0.0610,-1.9601,383.06,1562.01,-1254.09
660,-3.8635,0.4072,-1.8951,-179.44,1109.44,-66.35
670,-3.8644,0.6381,-1.8806,133.06,1422.67,246.28
680,-3.8654,0.6780,-1.8799,1679.93,-717.53,527.53
690,-3.8663,0.5626,-1.8627,-1210.69,-623.72,-550.60
700,-3.8672,0.3665,-1.8151,23.68,1579.22,-956.79
710,-3.8679,0.1461,-1.7390,-1085.69,-327.45,715.15
720,-3.8687,-0.0347,-1.6417,-1288.82,1406.49,1652.83
730,-3.8694,-0.1340,-1.5315,-429.44,1874.88,-940.73
740,-3.8701,-0.1779,-1.4276,-1148.19,-15.93,-1565.55
750,-3.8708,-0.2197,-1.3448,1242.43,1280.88,1762.82
760,-3.8715,-0.2777,-1.2782,-116.94,-125.49,934.81
770,-3.8719,-0.3379,-1.2141,461.18,405.70,778.75
780,-3.8724,-0.3839,-1.1371,758.06,608.70,-424.26
790,-3.8728,-0.4180,-1.0457,-1132.57,-1532.04,-267.88
800,-3.8730,-0.4507,-0.9585,-1491.94,-1828.98,763.55
810,-3.8733,-0.4799,-0.8928,-1679.44,1327.21,498.11
820,-3.8734,-0.5050,-0.8435,-1413.82,1733.40,451.35
830,-3.8735,-0.5400,-0.7776,-632.57,45.84,1342.10
840,-3.8738,-0.5922,-0.6747,-1116.94,483.28,-1454.65
850,-3.8740,-0.6447,-0.5557,211.18,1655.09,45.53
860,-3.8744,-0.6776,-0.4481,1492.43,889.34,217.65
870,-3.8748,-0.6891,-0.3553,1273.68,-1345.09,342.83
880,-3.8439,-0.6892,-0.2728,-195.07,-1470.15,1264.89
890,-3.8441,-0.6875,-0.2086,-210.69,1092.35,577.58
900,-3.8444,-0.6837,-0.1676,8.06,1311.16,-1094.18
910,-3.8445,-0.6747,-0.1434,492.43,-1438.84,-765.99
920,-3.8445,-0.6545,-0.1279,1648.68,1654.91,843.44
930,-3.8446,-0.6173,-0.1141,226.81,-360.66,-1219.06
940,-3.8447,-0.5676,-0.0958,992.43,1405.03,-640.87
950,-3.8448,-0.5134,-0.0703,-648.19,-251.16,1812.26
960,-3.8451,-0.4717,-0.0396,-1710.69,-985.41,-343.93
970,-3.8452,-0.4633,-0.0088,-366.94,-1047.85,-1468.87
980,-3.8453,-0.4890,0.0060,711.18,-1110.29,-1234.44
990,-3.8453,-0.5250,-0.0072,1414.31,780.27,1984.38
1000,-3.8452,-0.5537,-0.0422,804.93,-907.29,-1984.44
1010,-3.8450,-0.5785,-0.0887,1133.06,-1391.72,562.38
1020,-3.8448,-0.5978,-0.1375,1961.18,655.09,-1375.18
1030,-3.8447,-0.6024,-0.1829,-507.57,-1579.35,-750.31
1040,-3.8446,-0.5867,-0.2201,-1101.32,608.15,999.63
1050,-3.8447,-0.5521,-0.2517,914.31,-157.41,-1750.49
1060,-3.8450,-0.5054,-0.2874,1336.18,-204.22,-531.80
1070,-3.8452,-0.4497,-0.3311,-679.44,-766.66,1999.39
1080,-3.8456,-0.4028,-0.4020,-1554.44,1639.71,-94.42
1090,-3.8458,-0.3760,-0.5267,445.56,561.71,-1125.79
1100,-3.8461,-0.3438,-0.7112,-116.94,592.96,1952.09
1110,-3.8464,-0.2721,-0.9484,8.06,983.70,-188.90
1120,-3.8467,-0.1394,-1.2390,1179.93,-1375.55,-939.39
1130,-3.8467,0.0667,-1.5721,-1835.69,1421.57,513.18
1140,-3.8467,0.3643,-1.9048,539.31,-1234.25,-815.61
1150,-3.8466,0.7529,-2.2136,-1366.94,188.17,1715.03
1160,-3.8464,1.1748,-2.4812,383.06,657.71,42.54
1170,-3.8463,1.5706,-2.6609,-1616.94,-1591.49,901.37
1180,-3.8462,1.9689,-2.7330,1039.31,-590.70,-724.00
1190,-3.8461,2.4077,-2.7009,23.68,-1824.28,-1974.12
1200,-3.8462,2.8311,-2.5509,195.56,-1714.05,-708.44
1210,-3.8463,3.1641,-2.2574,-1616.94,1489.87,-723.75
1220,-3.8463,3.4137,-1.8496,1008.06,-946.96,1464.29
1230,-3.8463,3.6536,-1.4315,961.18,-743.35,-1566.16
1240,-3.8462,3.8893,-1.1045,-335.69,772.71,497.19
1250,-3.8462,3.9999,-0.9429,1836.18,-1367.43,-205.32
1260,-3.8459,3.9999,-1.0009,-7.57,-679.75,-1298.77
1270,-3.8456,3.9999,-1.2709,-7.57,-101.62,-298.89
1280,-3.8448,3.9182,-1.6478,-7.57,1335.88,-190.00
1290,-3.8749,3.6495,-1.9730,1539.31,1085.75,-550.11
1300,-3.8732,3.1875,-2.1681,-851.32,-539.79,-1691.41
1310,-3.8711,2.5963,-2.3142,8.06,-1509.40,-1973.02
1320,-3.8687,1.9830,-2.4816,336.18,-213.68,839.17
1330,-3.8662,1.4854,-2.6160,1836.18,-1636.78,-442.38
1340,-3.8641,1.1978,-2.6532,-1866.94,1159.12,-1020.75
1350,-3.8632,1.1146,-2.6013,1320.56,392.94,-739.56
1360,-3.8633,1.1492,-2.5176,-1320.07,-966.61,213.62
1370,-3.8644,1.2092,-2.4285,-898.19,1752.20,1541.93
1380,-3.8658,1.2321,-2.3448,-1210.69,1158.57,-1879.76
1390,-3.8673,1.1798,-2.2889,1711.18,-138.24,901.61
1400,-3.8687,1.0410,-2.2484,-976.32,-982.12,354.86
1410,-3.8698,0.8213,-2.1967,1258.06,205.14,839.36
1420,-3.8705,0.5498,-2.1322,1133.06,-1170.29,1605.04
1430,-3.8708,0.2909,-2.0603,-1616.94,-920.84,1292.66
1440,-3.8711,0.0994,-1.9880,1242.43,281.80,-1832.15
1450,-3.8713,-0.0288,-1.9202,726.81,1531.43,-1472.66
1460,-3.8716,-0.1176,-1.8447,320.56,-1765.69,386.84
1470,-3.8719,-0.1790,-1.7534,961.18,-109.62,746.34
1480,-3.8723,-0.2231,-1.6479,1101.81,-422.24,730.90
1490,-3.8727,-0.2615,-1.5330,-554.44,1077.64,1481.14
1500,-3.8730,-0.3069,-1.4059,-1460.69,-203.67,-174.93
1510,-3.8733,-0.3759,-1.2690,726.81,61.89,-65.25
1520,-3.8734,-0.4773,-1.1432,-101.32,1577.33,-1565.00
1530,-3.8735,-0.5948,-1.0428,-1085.69,1686.52,-189.76
1540,-3.8735,-0.6979,-0.9628,-132.57,-1469.97,-923.95
1550,-3.8735,-0.7627,-0.8848,-1320.07,779.85,-1173.77
1560,-3.8735,-0.7816,-0.7900,-1616.94,-1235.90,841.98
1570,-3.8738,-0.7566,-0.6766,-38.82,-1110.96,-689.09
1580,-3.8740,-0.7056,-0.5590,-835.69,1404.72,-1407.59
1590,-3.8744,-0.6566,-0.4480,1695.56,467.35,-126.10
1600,-3.8746,-0.6243,-0.3533,-38.82,-1329.47,1014.71
1610,-3.8750,-0.6184,-0.2856,101.81,-1204.35,-0.73
1620,-3.8439,-0.6302,-0.2368,851.81,-548.10,1311.89
1630,-3.8441,-0.6318,-0.1898,-663.82,1701.84,-406.74
1640,-3.8442,-0.6179,-0.1537,-866.94,-282.53,1515.20
1650,-3.8444,-0.5917,-0.1390,914.31,342.53,77.82
1660,-3.8445,-0.5482,-0.1340,273.68,-1782.41,640.32
1670,-3.8446,-0.4897,-0.1179,1836.18,-1141.72,-1906.56
1680,-3.8447,-0.4266,-0.0836,1320.56,920.90,-922.12
1690,-3.8447,-0.3691,-0.0411,1398.68,1311.65,312.32
1700,-3.8448,-0.3290,0.0005,758.06,-1250.73,1749.88
1710,-3.8450,-0.3240,0.0316,1898.68,77.45,1156.25
1720,-3.8452,-0.3622,0.0468,-1460.69,61.83,-1249.94
1730,-3.8453,-0.4243,0.0352,1648.68,1999.27,-781.19
1740,-3.8452,-0.4722,-0.0154,1695.56,514.77,1453.19
1750,-3.8451,-0.4692,-0.0826,-429.44,-1954.10,-1578.19
1760,-3.8450,-0.4019,-0.1361,-54.44,1436.52,-1640.81
1770,-3.8450,-0.2852,-0.1708,570.56,-1407.04,-1422.18
1780,-3.8451,-0.1609,-0.1902,-491.94,-1844.36,1280.88
1790,-3.8453,-0.0792,-0.2284,-585.69,-328.49,1546.45
1800,-3.8455,-0.0612,-0.3523,1867.43,-1218.93,1265.14
1810,-3.8455,-0.0763,-0.5693,179.93,-1078.25,-1422.61
1820,-3.8452,-0.0591,-0.8214,-1757.57,-859.56,686.34
1830,-3.8450,0.0543,-1.0684,445.56,-1125.12,-1532.90
1840,-3.8446,0.2969,-1.2922,-1038.82,-749.94,1200.99
1850,-3.8444,0.6267,-1.4788,-1991.94,-1405.70,-1471.31
1860,-3.8441,0.9629,-1.6132,226.81,-1280.03,-1643.55
1870,-3.8439,1.2371,-1.7064,-741.94,1517.46,-643.80
1880,-3.8746,1.4055,-1.8036,-1648.19,1580.51,809.14
1890,-3.8741,1.4957,-1.8889,-85.69,1143.31,-487.92
1900,-3.8734,1.5814,-1.8835,-538.82,-1778.38,27.53
1910,-3.8730,1.7211,-1.7552,-1570.07,-1090.70,-878.72
1920,-3.8729,1.9581,-1.5430,304.93,-668.52,-722.23
1930,-3.8730,2.3131,-1.3235,-1351.32,-1496.22,-1471.80
1940,-3.8732,2.7439,-1.1577,86.18,-1401.73,1138.00
1950,-3.8732,3.1721,-1.0554,-773.19,-182.19,-1877.32
1960,-3.8729,3.5331,-1.0095,-1960.69,912.41,-1095.83
1970,-3.8724,3.7739,-1.0237,242.43,-1211.85,-1548.89
1980,-3.8717,3.8594,-1.0830,-929.44,976.07,622.99
1990,-3.8708,3.7970,-1.1592,-1991.94,1382.51,950.99
2000,-3.8699,3.6182,-1.2191,-1976.32,-367.61,1247.68
2010,-3.8689,3.3438,-1.2438,-866.94,-39.86,1856.93
2020,-3.8679,2.9749,-1.2690,8.06,803.41,13.18
2030,-3.8671,2.5481,-1.3314,789.31,1568.30,1310.00
2040,-3.8662,2.1663,-1.4225,-1835.69,1583.07,-1080.75
2050,-3.8654,1.9281,-1.5176,1289.31,1926.09,387.82
2060,-3.8650,1.8500,-1.6063,-1195.07,1753.72,-643.62
2070,-3.8649,1.8602,-1.6946,804.93,-1605.77,965.58
2080,-3.8652,1.8737,-1.8033,-1882.57,-902.65,-1190.86
2090,-3.8658,1.8434,-1.9247,-163.82,1175.48,-112.92
2100,-3.8666,1.7556,-2.0195,-38.82,1644.17,-1878.78
2110,-3.8676,1.6267,-2.0618,726.81,1503.42,1871.03
2120,-3.8687,1.4844,-2.0498,226.81,96.92,1980.35
2130,-3.8696,1.3407,-2.0074,-1991.94,1627.87,542.85
2140,-3.8705,1.1896,-1.9789,-382.57,-950.56,1886.66
2150,-3.8711,1.0200,-1.9985,273.68,-1294.56,-691.41
2160,-3.8713,0.8323,-2.0476,-1429.44,189.45,1105.47
2170,-3.8715,0.6169,-2.0762,-1460.69,1907.84,1511.60
2180,-3.8716,0.3542,-2.0544,-1023.19,-1748.84,-1425.96
2190,-3.8718,0.0547,-1.9733,1351.81,1031.92,-1222.78
2200,-3.8722,-0.2314,-1.8356,-991.94,-578.06,-1535.16
2210,-3.8726,-0.4598,-1.6490,-1616.94,1062.01,-1394.23
2220,-3.8728,-0.6404,-1.4308,1148.68,936.58,-65.73
2230,-3.8727,-0.8146,-1.2186,-1960.69,873.72,809.69
2240,-3.8724,-1.0055,-1.0533,-257.57,29.60,-1846.13
2250,-3.8719,-1.1906,-0.9354,-695.07,1185.49,1826.05
2260,-3.8715,-1.3269,-0.8309,-382.57,278.87,1529.42
2270,-3.8712,-1.3923,-0.7058,-1835.69,1653.63,1185.85
2280,-3.8713,-1.3855,-0.5477,1789.31,1669.13,545.47
2290,-3.8718,-1.3268,-0.3871,-1335.69,1903.50,1420.78
2300,-3.8724,-1.2531,-0.2584,-1820.07,-1533.87,702.33
2310,-3.8730,-1.1893,-0.1725,-382.57,-1065.00,390.08
2320,-3.8737,-1.1301,-0.1245,-226.32,1935.12,-453.49
2330,-3.8740,-1.0573,-0.1036,-648.19,75.87,859.13
2340,-3.8745,-0.9661,-0.1121,679.93,-1252.08,-468.99
2350,-3.8748,-0.8683,-0.1606,351.81,1669.98,1812.26
2360,-3.8749,-0.7850,-0.2238,867.43,-548.58,-1344.12
2370,-3.8748,-0.7275,-0.2585,-476.32,-626.59,343.26
2380,-3.8749,-0.6852,-0.2540,-1116.94,-1079.59,-78.67
2390,-3.8750,-0.6438,-0.2220,304.93,-501.34,1608.83
2400,-3.8440,-0.6017,-0.1821,1601.81,-407.53,15.14
2410,-3.8444,-0.5562,-0.1500,-1007.57,701.90,-1219.12
2420,-3.8446,-0.5199,-0.1434,820.56,811.40,-1109.68
2430,-3.8447,-0.5210,-0.1736,1461.18,1655.21,1905.94
2440,-3.8447,-0.5474,-0.2205,1320.56,1795.84,-281.62
2450,-3.8445,-0.5511,-0.2603,1945.56,-204.22,-1484.86
2460,-3.8444,-0.5074,-0.2899,1461.18,-1297.97,-1500.55
2470,-3.8444,-0.4216,-0.3075,-945.07,-1094.79,1921.26
2480,-3.8445,-0.3088,-0.3003,-1960.69,655.40,-547.49
2490,-3.8446,-0.1993,-0.2687,476.81,1577.51,1483.76
2500,-3.8450,-0.1289,-0.2335,-1507.57,1624.57,-453.67
2510,-3.8452,-0.1146,-0.2244,-491.94,-1875.31,1593.26
2520,-3.8455,-0.1458,-0.2543,1336.18,-703.37,1983.89
2530,-3.8456,-0.1791,-0.2908,1351.81,-531.56,530.70
2540,-3.8458,-0.1602,-0.3206,1086.18,-1203.49,-1672.49
2550,-3.8462,-0.0685,-0.3960,-491.94,-1015.99,-250.67
2560,-3.8466,0.0889,-0.5553,-757.57,1327.94,-1578.92
2570,-3.8469,0.3276,-0.7657,-616.94,922.00,-1422.97
2580,-3.8472,0.6544,-0.9962,1945.56,1984.99,-860.90
2590,-3.8472,1.0330,-1.2198,-226.32,485.60,-1939.45
2600,-3.8470,1.4478,-1.4058,226.81,-138.61,-1908.69
2610,-3.8469,1.8622,-1.5588,1320.56,65.31,-1721.50
2620,-3.8469,2.1705,-1.6757,-1632.57,472.35,-737.43
2630,-3.8469,2.3164,-1.7377,1836.18,1519.84,-1112.67
2640,-3.8469,2.3459,-1.7332,508.06,1582.64,-1206.54
2650,-3.8468,2.3467,-1.6885,289.31,-1839.17,699.71
2660,-3.8467,2.3931,-1.6370,383.06,-120.42,-1518.98
2670,-3.8464,2.5159,-1.5725,-1679.44,-1526.61,1371.77
2680,-3.8462,2.6991,-1.5103,-1960.69,-1276.37,668.76
2690,-3.8459,2.9242,-1.5005,1492.43,-1307.25,-18.62
2700,-3.8453,3.1750,-1.5869,-1695.07,-56.82,512.63
2710,-3.8447,3.3624,-1.7917,-1585.69,881.16,1996.89
2720,-3.8439,3.3450,-2.0829,-1601.32,-1337.22,-1097.29
2730,-3.8739,3.0221,-2.3843,164.31,1397.16,1324.04
2740,-3.8726,2.4216,-2.6418,-1163.82,-1181.64,-957.82
2750,-3.8710,1.7477,-2.8643,1976.81,1848.45,-177.06
2760,-3.8690,1.2637,-3.0463,-288.82,1378.36,-739.99
2770,-3.8668,1.0923,-3.1313,1758.06,-1919.43,-459.11
2780,-3.8646,1.1459,-3.1018,-179.44,-810.42,1181.34
2790,-3.8632,1.2793,-3.0128,-1320.07,-1029.05,-224.85
2800,-3.8625,1.3929,-2.9170,-241.94,-1638.18,-1662.17
2810,-3.8630,1.3823,-2.8087,-1695.07,-1372.31,-1896.36
2820,-3.8644,1.2084,-2.6830,945.56,487.06,-21.12
2830,-3.8660,0.9098,-2.5449,-1320.07,580.44,-849.00
2840,-3.8674,0.4557,-2.3986,461.18,-1748.23,1479.37
2850,-3.8684,-0.1342,-2.2644,-1663.82,985.23,1010.93
2860,-3.8687,-0.6829,-2.1339,-1163.82,-1828.43,-926.33
2870,-3.8683,-1.0310,-1.9757,601.81,-1126.34,-941.71
2880,-3.8679,-1.1737,-1.7937,39.31,-877.01,-785.16
2890,-3.8677,-1.2184,-1.6139,1773.68,-1580.44,58.96
2900,-3.8678,-1.2571,-1.4493,54.93,1435.12,-1487.55
2910,-3.8680,-1.3224,-1.3008,-898.19,-1502.50,-1752.87
2920,-3.8684,-1.4056,-1.1542,-1257.57,1513.00,153.69
2930,-3.8690,-1.4780,-0.9819,86.18,278.50,1403.99
2940,-3.8698,-1.5176,-0.7758,-1179.44,-1674.80,1919.92
2950,-3.8706,-1.5228,-0.5623,1758.06,715.76,-267.15
2960,-3.8713,-1.5099,-0.3800,1086.18,43.88,1967.65
2970,-3.8721,-1.4966,-0.2552,-1257.57,-627.99,1983.58
2980,-3.8727,-1.4637,-0.1836,445.56,-659.18,421.33
2990,-3.8733,-1.3811,-0.1448,648.68,512.76,-1531.62
3000,-3.8737,-1.2637,-0.1254,-773.19,1481.63,937.19
3010,-3.8740,-1.1454,-0.1133,-1741.94,-33.75,-1140.93
3020,-3.8743,-1.0317,-0.1042,1398.68,1513.37,-1359.62
3030,-3.8745,-0.9222,-0.1055,-54.44,-1330.20,-484.62
3040,-3.8746,-0.8234,-0.1196,1961.18,-1486.21,1531.01
3050,-3.8748,-0.7330,-0.1400,-1382.57,701.48,1109.13
3060,-3.8749,-0.6492,-0.1532,-1820.07,-1907.71,1468.44
3070,-3.8750,-0.5814,-0.1547,914.31,404.97,1124.69
3080,-3.8440,-0.5417,-0.1532,1586.18,217.59,-1140.93
3090,-3.8442,-0.5269,-0.1554,-1335.69,405.15,-672.18
3100,-3.8444,-0.5194,-0.1569,570.56,123.96,374.69
3110,-3.8446,-0.4996,-0.1556,1523.68,-63.54,-1844.12
3120,-3.8447,-0.4583,-0.1593,54.93,92.77,296.57
3130,-3.8450,-0.3994,-0.1748,1351.81,-375.92,-390.99
3140,-3.8450,-0.3311,-0.2025,883.06,1639.83,843.38
3150,-3.8451,-0.2606,-0.2343,1633.06,-1906.92,-31.68
3160,-3.8450,-0.1990,-0.2565,-1351.32,-1969.30,405.76
3170,-3.8450,-0.1589,-0.2690,-1460.69,-812.93,452.58
3180,-3.8451,-0.1530,-0.2805,-335.69,1577.76,-969.30
3190,-3.8451,-0.1805,-0.2836,429.93,109.07,530.70
3200,-3.8452,-0.2162,-0.2632,898.68,-281.62,999.39
3210,-3.8455,-0.2352,-0.2317,336.18,-1672.30,-688.05
3220,-3.8457,-0.2397,-0.2312,1898.68,-1641.11,-891.11
3230,-3.8459,-0.2393,-0.2903,1320.56,-1578.61,1890.14
3240,-3.8462,-0.2177,-0.4093,1383.06,-1141.11,483.76
3250,-3.8466,-0.1495,-0.5723,148.68,-375.43,-844.60
3260,-3.8468,-0.0377,-0.7437,867.43,-1234.68,-1376.16
3270,-3.8469,0.1017,-0.9111,-820.07,828.00,29.79
3280,-3.8470,0.2881,-1.1161,1023.68,-624.82,-1376.83
3290,-3.8468,0.5643,-1.3654,883.06,1141.17,1482.18
3300,-3.8464,0.9569,-1.6028,242.43,1235.47,637.94
3310,-3.8463,1.4547,-1.7762,-1507.57,-1154.42,1762.45
3320,-3.8466,2.0031,-1.8625,-1788.82,643.43,-1159.73
3330,-3.8470,2.5321,-1.8820,398.68,1597.66,-222.41
3340,-3.8474,3.0093,-1.8651,117.43,-885.68,1261.90
3350,-3.8478,3.4584,-1.7928,1195.56,1271.48,-347.41
3360,-3.8479,3.8484,-1.6569,-1320.07,-1477.66,996.46
3370,-3.8480,3.9999,-1.5612,601.81,-70.62,27.95
3380,-3.8480,3.9999,-1.6399,-7.57,179.63,340.70
3390,-3.8477,3.9811,-1.9420,-7.57,-1898.50,-65.73
3400,-3.8463,3.6511,-2.3947,1586.18,-570.37,871.15
3410,-3.8442,3.0146,-2.8325,-648.19,1491.46,26.55
3420,-3.8729,2.3251,-3.0927,1883.06,1443.36,-974.30
3430,-3.8700,1.8729,-3.0885,1617.43,145.14,1603.33
3440,-3.8676,1.7034,-2.8723,-257.57,675.48,-943.54
3450,-3.8660,1.6099,-2.5918,-1960.69,347.05,10.01
3460,-3.8656,1.3579,-2.3689,-1929.44,253.11,-20.69
3470,-3.8656,0.9221,-2.2227,1820.56,783.87,-1723.39
3480,-3.8658,0.4626,-2.0922,-1960.69,-498.23,-348.14
3490,-3.8660,0.1100,-1.9528,-773.19,203.98,1011.54
3500,-3.8661,-0.1262,-1.8446,-1913.82,-1952.94,1652.40
3510,-3.8660,-0.2848,-1.7979,-148.19,-94.06,1527.59
3520,-3.8656,-0.3743,-1.7982,-445.07,1890.01,-1816.04
3530,-3.8651,-0.3895,-1.8033,101.81,1843.02,-487.92
3540,-3.8647,-0.3643,-1.7783,-1851.32,1186.71,-1253.54
3550,-3.8649,-0.3656,-1.7179,1383.06,389.89,-1034.73
3560,-3.8654,-0.4392,-1.6321,1211.18,124.27,1777.89
3570,-3.8661,-0.5608,-1.5205,-210.69,-891.54,1871.77
3580,-3.8669,-0.6621,-1.3752,226.81,1389.53,-502.99
3590,-3.8677,-0.7025,-1.2131,-741.94,-16.97,12.88
3600,-3.8685,-0.7090,-1.0778,-1913.82,732.97,481.99
3610,-3.8694,-0.7377,-1.0006,1258.06,-1938.90,-236.51
3620,-3.8699,-0.7927,-0.9739,1586.18,-63.96,-1736.39
3630,-3.8702,-0.8367,-0.9532,-1460.69,-642.21,-1126.95
3640,-3.8706,-0.8552,-0.9058,914.31,1998.35,-1517.52
3650,-3.8711,-0.8617,-0.8397,-1460.69,76.42,-1376.77
3660,-3.8716,-0.8629,-0.7722,1711.18,529.54,-1892.27
3670,-3.8721,-0.8485,-0.7103,1554.93,1170.17,-1595.28
3680,-3.8726,-0.8160,-0.6587,-601.32,1092.04,-985.78
3690,-3.8729,-0.7740,-0.6191,-445.07,-298.52,61.16
3700,-3.8734,-0.7235,-0.5886,929.93,764.10,1780.03
3710,-3.8739,-0.6655,-0.5626,-601.32,670.41,-344.91
3720,-3.8743,-0.6011,-0.5327,-1179.44,-1.34,1670.72
3730,-3.8748,-0.5289,-0.4889,-929.44,-173.10,-297.97
3740,-3.8439,-0.4636,-0.4344,304.93,1436.46,1155.27
3750,-3.8444,-0.4258,-0.3740,664.31,405.33,-1360.23
3760,-3.8447,-0.4165,-0.3009,1508.06,139.77,1655.52
3770,-3.8451,-0.4296,-0.2195,-1304.44,1499.15,-1094.36
3780,-3.8453,-0.4546,-0.1458,1023.68,-78.98,-1641.11
3790,-3.8456,-0.4641,-0.0851,1820.56,1358.46,-47.18
3800,-3.8457,-0.4445,-0.0370,601.81,1124.08,-828.31
3810,-3.8458,-0.4050,0.0002,-882.57,-719.67,-703.25
3820,-3.8458,-0.3597,0.0300,164.31,46.08,500.00
3830,-3.8459,-0.3248,0.0613,1961.18,-141.36,-1437.50
3840,-3.8461,-0.3032,0.1007,-1570.07,-141.30,-453.06
3850,-3.8462,-0.2904,0.1342,1195.56,905.64,-1421.69
3860,-3.8463,-0.2932,0.1420,-1163.82,1186.89,1187.74
3870,-3.8464,-0.3175,0.1215,-1523.19,-1813.11,1656.49
3880,-3.8464,-0.3521,0.0786,-632.57,-438.17,547.06
3890,-3.8464,-0.3716,0.0120,-1054.44,-1922.61,953.25
3900,-3.8464,-0.3542,-0.0793,445.56,1546.14,-2000.00
3910,-3.8464,-0.3054,-0.1752,-1335.69,1858.64,-1234.56
3920,-3.8464,-0.2595,-0.2554,914.31,1593.14,-1719.12
3930,-3.8466,-0.2426,-0.3483,-1210.69,-672.42,-563.05
3940,-3.8467,-0.2410,-0.5067,961.18,-562.99,1468.02
3950,-3.8469,-0.2209,-0.7385,1164.31,-844.24,1467.71
3960,-3.8472,-0.1549,-1.0292,-273.19,1483.89,1561.04
3970,-3.8474,-0.0012,-1.3715,179.93,280.94,-1783.26
3980,-3.8475,0.2659,-1.7408,-148.19,468.69,1294.19
3990,-3.8474,0.6136,-2.0898,-1960.69,1172.36,246.58
4000,-3.8472,1.0079,-2.3585,-1445.07,501.16,-988.46
4010,-3.8468,1.4535,-2.5007,1023.68,-1888.67,651.61
4020,-3.8468,1.9615,-2.5229,-1945.07,-90.94,1166.93
4030,-3.8470,2.5173,-2.4613,-913.82,1066.28,729.43
4040,-3.8474,3.0894,-2.3234,-1773.19,958.01,1948.30
4050,-3.8477,3.6284,-2.1293,-554.44,-1384.64,-551.45
4060,-3.8475,3.9945,-1.9762,445.56,-539.79,636.41
4070,-3.8473,3.9999,-1.9948,-695.07,-945.37,-894.53
4080,-3.8464,3.8789,-2.2629,-7.57,679.63,667.97
4090,-3.8448,3.3312,-2.7057,508.06,-1648.68,1183.04
4100,-3.8734,2.5848,-3.1073,-1601.32,1678.34,650.94
4110,-3.8699,1.9479,-3.2932,-1132.57,-1729.37,712.65
4120,-3.8661,1.6602,-3.2198,1336.18,-1527.47,540.41
4130,-3.8629,1.7043,-2.9459,508.06,-137.39,1290.53
4140,-3.8610,1.8351,-2.6125,-1835.69,-1074.83,-1052.67
4150,-3.8602,1.8153,-2.3812,-1101.32,1597.29,791.75
4160,-3.8607,1.6130,-2.2599,367.43,-793.33,-535.95
4170,-3.8618,1.3416,-2.1456,-1523.19,-1262.51,1401.79
4180,-3.8634,1.0975,-2.0266,-273.19,1361.94,542.66
4190,-3.8651,0.9156,-1.9365,492.43,595.89,1355.41
4200,-3.8666,0.7719,-1.8802,1211.18,126.77,1339.97
4210,-3.8677,0.6013,-1.8551,-1195.07,-670.41,933.78
4220,-3.8684,0.4197,-1.8516,976.81,-1451.97,-1378.66
4230,-3.8688,0.3151,-1.8336,1726.81,-999.21,-1878.66
4240,-3.8693,0.3071,-1.7543,336.18,1297.49,-1097.35
4250,-3.8700,0.3431,-1.6138,-679.44,-546.33,1043.40
4260,-3.8710,0.3517,-1.4562,-70.07,1438.11,309.33
4270,-3.8719,0.2872,-1.3156,1023.68,1610.05,1356.51
4280,-3.8727,0.1604,-1.1873,773.68,-390.08,1309.88
4290,-3.8732,0.0217,-1.0518,539.31,31.56,107.06
4300,-3.8737,-0.0897,-0.9100,-1210.69,1375.00,-517.70
4310,-3.8739,-0.1985,-0.7804,523.68,-468.93,-1923.71
4320,-3.8740,-0.3546,-0.6760,-1398.19,124.57,232.85
4330,-3.8741,-0.5398,-0.5879,-1382.57,1483.64,-266.97
4340,-3.8740,-0.6887,-0.4849,-1085.69,764.53,-1094.91
4350,-3.8739,-0.7715,-0.3521,-148.19,1951.72,280.27
4360,-3.8740,-0.8136,-0.2100,1258.06,-1048.40,1139.89
4370,-3.8741,-0.8607,-0.0851,-132.57,1138.98,468.32
4380,-3.8743,-0.9381,0.0214,1836.18,1123.29,-1125.18
4390,-3.8741,-1.0400,0.1072,-70.07,-1251.89,1375.00
4400,-3.8740,-1.1439,0.1628,-1116.94,1732.30,-1296.69
4410,-3.8738,-1.2369,0.1877,1586.18,857.12,1437.81
4420,-3.8735,-1.3190,0.1754,1679.93,44.43,94.12
4430,-3.8734,-1.3752,0.1266,-820.07,-1533.87,1890.93
4440,-3.8733,-1.3733,0.0698,-23.19,216.00,-1937.26
4450,-3.8733,-1.2980,0.0354,226.81,950.44,1812.62
4460,-3.8735,-1.1711,0.0259,1867.43,544.31,-671.81
4470,-3.8738,-1.0283,0.0189,-1898.19,-674.19,1453.12
4480,-3.8741,-0.8921,0.0029,383.06,-1564.51,-46.88
4490,-3.8744,-0.7810,-0.0250,1820.56,388.85,-1546.88
4500,-3.8746,-0.7156,-0.0704,39.31,810.97,328.06
4510,-3.8750,-0.6941,-0.1217,414.31,-1001.40,-359.56
4520,-3.8439,-0.6844,-0.1628,-835.69,436.10,1281.01
4530,-3.8441,-0.6539,-0.1881,398.68,-829.47,-734.74
4540,-3.8444,-0.5972,-0.2054,304.93,-63.78,-234.80
4550,-3.8446,-0.5299,-0.2230,-429.44,1717.53,-1797.30
4560,-3.8450,-0.4579,-0.2518,179.93,-532.29,-781.74
4570,-3.8453,-0.3883,-0.3091,1398.68,-219.67,-63.05
4580,-3.8456,-0.3341,-0.3988,-1695.07,452.33,1874.39
4590,-3.8458,-0.2784,-0.5029,1242.43,968.08,-641.42
4600,-3.8458,-0.1990,-0.5985,367.43,-359.92,1155.21
4610,-3.8458,-0.1073,-0.6824,-1460.69,-594.18,873.78
4620,-3.8459,-0.0170,-0.7784,-1726.32,671.63,-751.34
4630,-3.8461,0.0651,-0.9103,1836.18,374.94,-548.40
4640,-3.8462,0.1324,-1.0974,336.18,-515.50,-1423.71
4650,-3.8463,0.2146,-1.3475,961.18,-468.51,1904.05
4660,-3.8464,0.3622,-1.6118,-523.19,-484.01,-1424.56
4670,-3.8464,0.5989,-1.8229,-1632.57,1688.17,824.95
4680,-3.8464,0.9169,-1.9656,664.31,-1326.97,1121.40
4690,-3.8464,1.2758,-2.0614,1367.43,408.02,-581.97
4700,-3.8463,1.6077,-2.1173,-695.07,143.07,-1582.15
4710,-3.8462,1.8671,-2.1232,1789.31,987.49,1589.60
4720,-3.8462,2.0536,-2.0834,-1007.57,237.98,-1597.90
4730,-3.8463,2.1716,-2.0186,-1132.57,1332.09,761.54
4740,-3.8467,2.2339,-1.9407,1976.81,1629.21,-816.47
4750,-3.8468,2.2823,-1.8342,1945.56,-401.92,902.40
4760,-3.8468,2.3457,-1.6847,148.68,1223.21,387.02
4770,-3.8467,2.4089,-1.5348,258.06,363.95,684.20
4780,-3.8464,2.4559,-1.4740,351.81,-448.43,-1237.43
4790,-3.8458,2.4824,-1.5548,-1632.57,-667.11,-1159.18
4800,-3.8446,2.4274,-1.7684,1758.06,989.20,793.82
4810,-3.8739,2.2389,-2.0808,-1288.82,1645.32,809.02
4820,-3.8712,1.9869,-2.4248,-1413.82,1660.58,1261.54
4830,-3.8683,1.7889,-2.7362,-1663.82,1628.85,-1848.51
4840,-3.8656,1.7426,-2.9910,992.43,1769.10,1275.88
4850,-3.8636,1.8778,-3.1129,-945.07,1159.61,1712.89
4860,-3.8627,2.0291,-3.0452,367.43,1550.54,-1990.48
4870,-3.8627,1.9558,-2.8622,-273.19,-1777.34,1853.39
4880,-3.8634,1.6105,-2.6520,-1648.19,1644.41,1869.38
4890,-3.8646,1.1237,-2.4380,-1851.32,549.99,-411.44
4900,-3.8658,0.6587,-2.2241,-163.82,-60.36,-1192.32
4910,-3.8668,0.3224,-2.0236,320.56,-686.22,-160.64
4920,-3.8673,0.1285,-1.8607,1273.68,984.99,1371.03
4930,-3.8677,0.0297,-1.7566,461.18,1828.37,-1503.66
4940,-3.8679,-0.0299,-1.6865,-195.07,-843.75,-534.73
4950,-3.8680,-0.0885,-1.6112,179.93,140.56,-1362.67
4960,-3.8682,-0.1656,-1.5112,679.93,1781.07,1324.95
4970,-3.8684,-0.2708,-1.3801,-1195.07,-1422.24,668.88
4980,-3.8688,-0.4153,-1.2462,1351.81,-641.17,1028.50
4990,-3.8691,-0.5989,-1.1672,-1148.19,499.15,-1611.82
5000,-3.8693,-0.8051,-1.1636,-648.19,-1391.85,528.93
5010,-3.8694,-1.0009,-1.1630,961.18,-923.46,-221.07
5020,-3.8694,-1.1309,-1.0822,-101.32,-845.76,-986.69
5030,-3.8722,-1.0038,-0.2627,1398.68,-955.20,1467.90
5040,-3.8728,-0.9944,-0.1868,-476.32,-1611.39,593.20
5050,-3.8733,-1.0100,-0.1511,726.81,107.42,-1500.37
5060,-3.8735,-1.0459,-0.1522,-1273.19,669.86,-515.93
5070,-3.8734,-1.0907,-0.1915,-1866.94,529.17,280.94
5080,-3.8733,-1.1055,-0.2452,398.68,-502.14,-1828.55
5090,-3.8730,-1.0583,-0.2847,-1491.94,622.80,905.76
5100,-3.8729,-0.9608,-0.2943,539.31,-423.95,1468.14
5110,-3.8729,-0.8512,-0.2690,1023.68,-1658.14,61.89
5120,-3.8733,-0.7605,-0.2185,-945.07,1576.42,-1891.17
5130,-3.8738,-0.7003,-0.1592,-1335.69,45.35,-1766.05
5140,-3.8743,-0.6729,-0.1042,-1632.57,-360.78,1609.01
5150,-3.8746,-0.6768,-0.0750,1883.06,-1329.47,781.01
5160,-3.8749,-0.7083,-0.0808,1383.06,-1579.47,1390.44
5170,-3.8750,-0.7551,-0.1008,1351.81,1670.47,468.57
5180,-3.8440,-0.7850,-0.1066,-648.19,-892.15,-1656.49
5190,-3.8442,-0.7698,-0.1100,-476.32,-1626.59,-1968.99
5200,-3.8445,-0.7067,-0.1562,1476.81,1935.97,-1765.87
5210,-3.8446,-0.6074,-0.2355,1554.93,14.22,-125.31
5220,-3.8445,-0.4900,-0.2957,-1741.94,1873.78,-1484.86
5230,-3.8444,-0.3785,-0.3336,1289.31,-1829.10,1327.51
5240,-3.8444,-0.2998,-0.3682,-445.07,1311.71,-1235.05
5250,-3.8444,-0.2657,-0.4055,1633.06,890.01,-703.86
5260,-3.8444,-0.2626,-0.4517,1992.43,108.83,-1203.92
5270,-3.8444,-0.2640,-0.5084,-1601.32,-1797.42,1686.58
5280,-3.8445,-0.2439,-0.5638,-1788.82,-1063.05,-813.54
5290,-3.8446,-0.1862,-0.6049,789.31,-156.74,1248.84
5300,-3.8448,-0.0972,-0.6465,179.93,-1406.62,1030.03
5310,-3.8451,-0.0002,-0.7283,-429.44,1265.38,1701.84
5320,-3.8452,0.0857,-0.8799,-23.19,-1203.19,857.91
5330,-3.8452,0.1569,-1.0873,-1023.19,-624.88,1170.10
5340,-3.8451,0.2333,-1.2844,86.18,828.43,-1252.14
5350,-3.8450,0.3699,-1.4302,1867.43,-405.82,-1424.44
5360,-3.8450,0.5992,-1.5233,-648.19,938.17,450.32
5370,-3.8452,0.8768,-1.5690,711.18,1016.78,1981.38
5380,-3.8455,1.1412,-1.6073,242.43,-826.42,1371.89
5390,-3.8457,1.3738,-1.6658,-1913.82,-1732.18,746.83
5400,-3.8459,1.5793,-1.7168,-148.19,-1216.13,887.33
5410,-3.8463,1.7738,-1.7396,-1835.69,253.05,1527.89
5420,-3.8469,1.9752,-1.7396,-945.07,1331.54,-1956.54
5430,-3.8477,2.1840,-1.7319,836.18,1331.97,1996.58
5440,-3.8481,2.3871,-1.7488,-445.07,-1683.29,1684.08
5450,-3.8480,2.5846,-1.7914,1554.93,160.89,1137.21
5460,-3.8473,2.7592,-1.8246,-1163.82,-1291.87,340.21
5470,-3.8463,2.8531,-1.8446,1179.93,-1541.50,1262.02
5480,-3.8452,2.8112,-1.8953,1211.18,-103.82,1761.96
5490,-3.8439,2.6316,-1.9972,-163.82,1411.68,761.90
5500,-3.8734,2.3322,-2.1414,851.81,364.50,1152.34
5510,-3.8712,2.0006,-2.2720,-1476.32,1910.77,-1894.84
5520,-3.8688,1.7966,-2.2891,86.18,1191.41,1995.54
5530,-3.8667,1.7690,-2.1788,1976.81,-996.52,-1004.52
5540,-3.8652,1.8318,-2.0405,-1554.44,1112.79,1839.48
5550,-3.8644,1.8622,-1.9457,-1523.19,-1183.96,480.35
5560,-3.8639,1.7406,-1.8785,-1632.57,-1043.27,1152.40
5570,-3.8634,1.3920,-1.8069,-1195.07,-449.77,-753.72
5580,-3.8627,0.8843,-1.7062,-1820.07,721.44,-956.67
5590,-3.8621,0.3596,-1.5984,1195.56,1611.08,-878.36
5600,-3.8618,-0.0959,-1.5563,-1960.69,-593.08,-300.05
5610,-3.8616,-0.4088,-1.5814,-273.19,812.26,-596.80
5620,-3.8612,-0.5015,-1.5887,-320.07,1592.90,-456.24
5630,-3.8612,-0.4043,-1.5182,-179.44,655.21,-1018.74
5640,-3.8621,-0.2456,-1.3907,258.06,1686.71,-956.12
5650,-3.8635,-0.1245,-1.2633,570.56,1999.51,-893.37
5660,-3.8650,-0.0681,-1.1868,70.56,-1687.74,966.25
5670,-3.8663,-0.0702,-1.1649,-710.69,109.19,-1861.69
5680,-3.8674,-0.1124,-1.1455,-976.32,-1093.93,1278.93
5690,-3.8685,-0.1609,-1.0984,1617.43,1390.38,-1908.51
5700,-3.8696,-0.2013,-1.0392,-585.69,-578.49,-283.45
5710,-3.8705,-0.2655,-1.0049,-1757.57,-1000.43,1576.05
5720,-3.8711,-0.3719,-1.0146,-1976.32,-609.92,1747.99
5730,-3.8713,-0.4872,-1.0310,398.68,-1860.11,-1892.64
5740,-3.8715,-0.5735,-0.9811,1648.68,45.90,-267.64
5750,-3.8716,-0.6227,-0.8749,-1398.19,-1563.66,-220.70
5760,-3.8717,-0.6445,-0.7684,304.93,30.03,1701.42
5770,-3.8719,-0.6447,-0.6667,1508.06,1654.97,1654.72
5780,-3.8723,-0.6249,-0.5646,1492.43,-1329.41,1936.16
5790,-3.8728,-0.5995,-0.4608,23.68,-251.22,-1516.78
5800,-3.8733,-0.5835,-0.3574,-726.32,1030.03,-1766.54
5810,-3.8738,-0.5774,-0.2594,1320.56,-1735.53,-1688.23
5820,-3.8743,-0.5663,-0.1687,-1898.19,-1188.66,-1453.67
5830,-3.8746,-0.5455,-0.1011,-476.32,-1579.28,1155.88
5840,-3.8750,-0.5288,-0.0713,-1820.07,-922.97,-297.12
5850,-3.8439,-0.5222,-0.0685,320.56,-1110.41,1968.57
5860,-3.8439,-0.5140,-0.0793,1164.31,-751.04,171.69
5870,-3.8439,-0.4901,-0.0941,-1788.82,1858.34,609.19
5880,-3.8440,-0.4471,-0.0990,1273.68,-32.23,-578.37
5890,-3.8441,-0.3931,-0.0890,-1226.32,-657.17,-875.24
5900,-3.8442,-0.3385,-0.0741,1695.56,624.21,1077.94
5910,-3.8445,-0.2977,-0.0651,679.93,-1469.42,-1937.68
5920,-3.8447,-0.2802,-0.0632,1898.68,-313.11,-1031.43
5930,-3.8448,-0.2842,-0.0615,148.68,-78.67,1327.94
5940,-3.8450,-0.3052,-0.0675,-366.94,140.01,671.75
5950,-3.8451,-0.3322,-0.1006,945.56,-625.61,249.82
5960,-3.8452,-0.3413,-0.1581,1492.43,-860.05,-15.87
5970,-3.8450,-0.3175,-0.2015,320.56,-219.42,1249.63
5980,-3.8448,-0.2671,-0.1893,-632.57,-1781.92,780.82
5990,-3.8450,-0.2037,-0.1381,1820.56,-219.30,1030.82
6000,-3.8452,-0.1522,-0.0961,1929.93,-1656.68,468.44
6010,-3.8456,-0.1351,-0.0878,523.68,-281.56,-718.99
6020,-3.8458,-0.1567,-0.1288,-1288.82,780.94,-781.43
6030,-3.8459,-0.2031,-0.2330,-54.44,-469.12,-1828.43
6040,-3.8459,-0.2344,-0.3866,-1991.94,-1812.93,1483.89
6050,-3.8458,-0.2065,-0.5560,-1991.94,-1469.24,1702.33
6060,-3.8456,-0.0996,-0.6971,1570.56,843.32,-1719.85
6070,-3.8453,0.0831,-0.7555,-741.94,-1218.99,45.47
6080,-3.8456,0.3102,-0.7340,-1351.32,-703.00,-1048.40
6090,-3.8459,0.5293,-0.7146,-288.82,-1952.58,170.41
6100,-3.8466,0.7043,-0.7665,-241.94,532.23,-48.28
6110,-3.8468,0.8228,-0.9093,-1835.69,1891.97,-1423.40
6120,-3.8467,0.9093,-1.1324,1320.56,-389.04,1076.29
6130,-3.8462,1.0428,-1.3811,398.68,-951.35,1653.99
6140,-3.8455,1.2913,-1.5803,1492.43,-779.24,-1893.37
6150,-3.8448,1.6278,-1.6854,1289.31,1721.25,-1940.61
6160,-3.8445,1.9467,-1.7074,367.43,268.80,1543.58
6170,-3.8442,2.1797,-1.7096,1179.93,1456.91,-1018.98
6180,-3.8439,2.3221,-1.7184,-991.94,1176.09,-940.86
6190,-3.8748,2.3898,-1.7122,1242.43,51.39,1621.64
6200,-3.8746,2.4320,-1.7059,1898.68,848.39,715.39
6210,-3.8749,2.5132,-1.7240,-695.07,1645.32,-222.11
6220,-3.8439,2.6508,-1.7655,1695.56,-666.99,-894.04
6230,-3.8440,2.8223,-1.8174,-695.07,-1979.25,12.15
6240,-3.8441,2.9907,-1.8737,1258.06,-619.51,527.65
6250,-3.8442,3.1166,-1.9242,-1179.44,177.67,-1113.04
6260,-3.8442,3.1801,-1.9701,-1070.07,1709.17,-1488.16
6270,-3.8441,3.1758,-2.0547,-945.07,-165.71,-1488.28
6280,-3.8750,3.0786,-2.1766,-1491.94,1006.16,917.85
6290,-3.8745,2.8303,-2.3169,-1929.44,1396.61,-113.65
6300,-3.8734,2.4270,-2.5021,-1710.69,-557.01,-1598.33
6310,-3.8717,1.9471,-2.6791,-1335.69,-260.93,1229.43
6320,-3.8698,1.4711,-2.7633,1242.43,1081.91,-895.87
6330,-3.8678,1.0402,-2.7582,304.93,-1700.26,1041.44
6340,-3.8662,0.6727,-2.6990,1148.68,-1044.86,88.32
6350,-3.8651,0.3868,-2.6003,-1882.57,-1467.47,-849.06
6360,-3.8643,0.1757,-2.4559,1523.68,-843.02,744.87
6370,-3.8639,0.0031,-2.2927,-1507.57,1640.93,245.18
6380,-3.8639,-0.1488,-2.1570,398.68,-1468.75,-1379.52
6390,-3.8639,-0.2786,-2.0426,961.18,-78.43,558.23
6400,-3.8641,-0.3920,-1.9288,351.81,-1438.05,902.22
6410,-3.8646,-0.5000,-1.8148,1836.18,1124.21,-1675.66
6420,-3.8652,-0.6057,-1.7042,8.06,-282.23,-1566.10
6430,-3.8660,-0.7052,-1.5896,-1523.19,1873.78,1762.27
6440,-3.8668,-0.7913,-1.4561,1742.43,545.47,731.26
6450,-3.8678,-0.8676,-1.3066,-1273.19,1639.04,1465.88
6460,-3.8688,-0.9390,-1.1544,961.18,763.92,1669.31
6470,-3.8698,-0.9889,-1.0112,-179.44,248.11,-549.13
6480,-3.8705,-0.9956,-0.8828,1429.93,-1423.83,1826.11
6490,-3.8711,-0.9547,-0.7762,570.56,-986.33,-1673.65
6500,-3.8715,-0.8899,-0.6967,1804.93,654.36,295.35
6510,-3.8718,-0.8268,-0.6357,-1898.19,-1158.02,1264.22
6520,-3.8722,-0.7666,-0.5853,-1820.07,-1361.02,1748.72
6530,-3.8727,-0.7021,-0.5426,1883.06,1092.22,-313.66
6540,-3.8730,-0.6372,-0.5093,-1866.94,-1438.90,45.78
6550,-3.8735,-0.5814,-0.4851,-1554.44,-1173.16,873.96
6560,-3.8740,-0.5449,-0.4618,1586.18,1920.72,-1047.85
6570,-3.8744,-0.5254,-0.4296,-1741.94,905.15,1764.71
6580,-3.8748,-0.5034,-0.3861,758.06,1030.21,405.40
6590,-3.8440,-0.4694,-0.3458,-429.44,-1407.29,-1266.42
6600,-3.8444,-0.4343,-0.3190,-70.07,-250.98,-1453.86
6610,-3.8446,-0.3999,-0.2933,414.31,-813.35,1874.33
6620,-3.8448,-0.3627,-0.2588,820.56,-1532.04,-281.86
6630,-3.8450,-0.3340,-0.2208,1586.18,-1110.11,1499.45
6640,-3.8452,-0.3184,-0.1830,1258.06,-250.67,-1281.74
6650,-3.8453,-0.3156,-0.1539,-741.94,593.08,609.01
6660,-3.8455,-0.3319,-0.1566,-382.57,311.83,62.19
6670,-3.8456,-0.3585,-0.2012,1523.68,-31.92,-1250.37
6680,-3.8455,-0.3707,-0.2542,-1882.57,-1735.11,1108.95
6690,-3.8455,-0.3539,-0.2701,554.93,-516.36,-484.92
6700,-3.8455,-0.3132,-0.2502,-1288.82,1436.77,1811.95
6710,-3.8457,-0.2802,-0.2322,-85.69,-16.30,-1109.92
6720,-3.8459,-0.2876,-0.2531,148.68,-1703.67,1296.39
6730,-3.8462,-0.3273,-0.3335,-804.44,-375.61,921.33
6740,-3.8464,-0.3474,-0.4730,-1882.57,1327.45,-1641.30
6750,-3.8466,-0.2921,-0.6580,-460.69,-531.98,702.15
6760,-3.8467,-0.1498,-0.8716,-1382.57,-203.74,-1282.59
6770,-3.8466,0.0522,-1.0865,836.18,452.82,1920.17
6780,-3.8464,0.2854,-1.2605,-1304.44,921.94,1091.61
6790,-3.8466,0.5281,-1.3845,539.31,-1343.20,263.12
6800,-3.8470,0.7797,-1.4794,-398.19,-1217.77,-1705.87
6810,-3.8475,1.0458,-1.5521,-195.07,-1357.91,-1659.18
6820,-3.8479,1.3015,-1.6091,1867.43,1330.14,1606.32
6830,-3.8483,1.5132,-1.6487,-1398.19,-1966.25,-1065.67
6840,-3.8486,1.6758,-1.6566,1695.56,971.68,-3.23
6850,-3.8489,1.8197,-1.6245,-1491.94,-43.64,871.70
6860,-3.8492,1.9902,-1.5443,929.93,66.04,-831.30
6870,-3.8495,2.2137,-1.4249,-1241.94,-1668.03,-659.30
6880,-3.8497,2.4698,-1.3016,-632.57,1613.65,-1690.31
6890,-3.8501,2.6953,-1.2389,148.68,1395.45,-127.56
6900,-3.8501,2.8337,-1.3197,1008.06,1427.12,591.31
6910,-3.8496,2.8718,-1.5820,-1273.19,-916.38,372.38
6920,-3.8484,2.8621,-1.9519,-398.19,1505.55,1293.76
6930,-3.8464,2.8773,-2.3130,-1648.19,-1838.20,1652.40
6940,-3.8439,2.9067,-2.5594,304.93,-56.88,-551.45
6950,-3.8721,2.8507,-2.6365,70.56,396.30,-301.88
6960,-3.8690,2.6327,-2.5941,898.68,-1463.20,1244.81
6970,-3.8667,2.3003,-2.4948,992.43,-41.75,-20.75
6980,-3.8650,1.9739,-2.3578,-1554.44,676.33,995.12
6990,-3.8643,1.7328,-2.2018,664.31,-1793.03,-285.89
7000,-3.8641,1.5853,-2.0610,1804.93,-1824.77,1417.54
7010,-3.8646,1.4994,-1.9603,-1070.07,190.55,964.72
7020,-3.8654,1.4320,-1.9060,-70.07,1080.99,-1253.85
7030,-3.8660,1.3562,-1.9019,-695.07,34.00,-1238.10
7040,-3.8665,1.2488,-1.9402,1601.81,565.12,-1394.35
7050,-3.8667,1.1088,-2.0015,-148.19,-341.37,-1363.22
7060,-3.8667,0.9760,-2.0425,1929.93,-185.36,1949.16
7070,-3.8669,0.8712,-2.0182,929.93,-1435.61,-722.78
7080,-3.8676,0.7860,-1.9379,-476.32,1673.52,-1972.72
7090,-3.8685,0.7056,-1.8363,617.43,-45.35,-1972.60
7100,-3.8696,0.6110,-1.7484,-1679.44,954.47,-612.98
7110,-3.8706,0.4956,-1.6879,-1788.82,204.28,-519.04
7120,-3.8713,0.3674,-1.6377,-554.44,-45.96,715.39
7130,-3.8721,0.2385,-1.5786,-960.69,-1624.33,-128.23
7140,-3.8724,0.1138,-1.5052,-1460.69,1937.93,918.76
7150,-3.8727,-0.0056,-1.4152,-1429.44,-671.69,356.38
7160,-3.8728,-0.1083,-1.3019,-710.69,-1125.06,-1909.06
7170,-3.8728,-0.1887,-1.1589,-1851.32,1374.76,-1330.69
7180,-3.8728,-0.2711,-0.9923,-148.19,-328.55,-1424.19
7190,-3.8728,-0.3909,-0.8335,1304.93,999.45,-1658.20
7200,-3.8728,-0.5380,-0.7075,1976.81,1327.33,-720.40
7210,-3.8727,-0.6660,-0.6140,-851.32,1452.03,1154.85
7220,-3.8727,-0.7546,-0.5516,-1241.94,1420.53,-798.10
7230,-3.8726,-0.8406,-0.5211,-585.69,1404.72,92.65
7240,-3.8727,-0.9409,-0.5093,414.31,1310.85,-938.54
7250,-3.8727,-1.0034,-0.4980,-429.44,-1173.77,498.96
7260,-3.8729,-0.9835,-0.4698,-429.44,263.61,-532.23
7270,-3.8732,-0.8901,-0.4248,-1882.57,-126.95,-1672.85
7280,-3.8735,-0.7672,-0.3876,-1929.44,1638.85,1686.65
7290,-3.8740,-0.6593,-0.3690,1804.93,-1595.28,-32.04
7300,-3.8744,-0.5861,-0.3557,-382.57,779.91,-953.86
7310,-3.8748,-0.5498,-0.3441,992.43,-1516.78,-1047.61
7320,-3.8439,-0.5466,-0.3439,1633.06,-32.35,-1266.36
7330,-3.8442,-0.5580,-0.3505,-1960.69,-1.10,-1547.61
7340,-3.8446,-0.5500,-0.3473,586.18,-844.85,-844.48
7350,-3.8448,-0.5001,-0.3317,1601.81,-438.60,1327.39
7360,-3.8451,-0.4188,-0.3145,-7.57,1561.46,1358.70
7370,-3.8453,-0.3348,-0.2997,-1601.32,-235.23,-313.17
7380,-3.8455,-0.2694,-0.2869,1148.68,1655.58,-250.61
7390,-3.8455,-0.2271,-0.2747,1523.68,-703.67,1093.14
7400,-3.8456,-0.2007,-0.2631,-1054.44,858.89,-516.17
7410,-3.8456,-0.1830,-0.2562,-1679.44,-1656.68,1718.20
7420,-3.8457,-0.1792,-0.2467,586.18,-781.62,-109.92
7430,-3.8457,-0.1969,-0.2324,1070.56,437.13,-1578.61
7440,-3.8457,-0.2341,-0.2350,-1195.07,-1734.80,765.14
7450,-3.8458,-0.2748,-0.2684,-1960.69,1937.01,-844.24
7460,-3.8458,-0.2860,-0.3201,836.18,1655.70,1030.70
7470,-3.8459,-0.2456,-0.3762,-601.32,-953.74,905.58
7480,-3.8462,-0.1642,-0.4445,570.56,-141.11,-813.29
7490,-3.8463,-0.0706,-0.5361,-1007.57,-875.37,1295.96
7500,-3.8466,0.0190,-0.6454,-1023.19,-609.56,-1454.22
7510,-3.8468,0.1062,-0.7769,-1554.44,1390.62,-1141.91
7520,-3.8469,0.2206,-0.9594,1601.81,562.68,998.47
7530,-3.8470,0.4240,-1.1940,242.43,1203.55,1701.23
7540,-3.8470,0.7419,-1.4225,-1726.32,-827.33,481.99
7550,-3.8470,1.1256,-1.5765,-1023.19,1923.28,1231.57
7560,-3.8470,1.5071,-1.6490,86.18,-1794.68,996.89
7570,-3.8472,1.8438,-1.6904,914.31,924.80,-690.73
7580,-3.8472,2.1342,-1.7324,8.06,-371.40,1074.77
7590,-3.8474,2.4180,-1.7455,1179.93,-1745.85,-784.67
7600,-3.8477,2.7157,-1.7028,1508.06,582.82,-1769.04
7610,-3.8478,2.9954,-1.6309,-382.57,-1947.88,231.02
7620,-3.8478,3.2134,-1.5847,-585.69,-744.20,-1893.86
7630,-3.8474,3.3311,-1.6285,-679.44,1162.48,246.89
7640,-3.8468,3.3082,-1.8180,-1616.94,-446.66,1731.14
7650,-3.8456,3.1627,-2.1337,-538.82,-696.72,-1503.60
7660,-3.8750,2.9869,-2.4688,836.18,-1103.21,-238.59
7670,-3.8727,2.8552,-2.7089,-1663.82,5.80,-879.82
7680,-3.8702,2.7719,-2.7814,1476.81,1271.18,197.81
7690,-3.8684,2.6870,-2.6860,-1195.07,-10.25,-1177.37
7700,-3.8672,2.5217,-2.4939,-54.44,192.69,-1802.12
7710,-3.8666,2.2252,-2.2960,-1210.69,786.13,135.74
7720,-3.8665,1.8671,-2.1510,836.18,-1886.29,526.73
7730,-3.8666,1.5541,-2.0753,-1007.57,675.48,948.91
7740,-3.8668,1.3173,-2.0397,-1070.07,-1637.63,605.29
7750,-3.8671,1.1071,-2.0195,617.43,-1075.56,527.22
7760,-3.8672,0.8568,-2.0183,1711.18,1502.14,-1035.22
7770,-3.8669,0.6102,-2.0134,1679.93,1657.90,-1972.72
7780,-3.8667,0.4465,-1.9861,-1882.57,-1717.59,-675.84
7790,-3.8666,0.3660,-1.9502,1164.31,1782.10,-1175.78
7800,-3.8667,0.3119,-1.9186,-1148.19,-1624.33,1089.90
7810,-3.8672,0.2303,-1.8817,-70.07,-1577.58,-816.28
7820,-3.8678,0.1025,-1.8246,1492.43,-858.95,-534.97
7830,-3.8685,-0.0670,-1.7440,1133.06,-1546.69,-1050.48
7840,-3.8694,-0.2509,-1.6354,-570.07,781.07,-909.67
7850,-3.8702,-0.4086,-1.4934,-101.32,-1313.05,-737.61
7860,-3.8710,-0.5309,-1.3408,-288.82,858.52,-1331.05
7870,-3.8716,-0.6538,-1.2135,54.93,389.59,-1440.12
7880,-3.8719,-0.7917,-1.1063,320.56,686.22,1419.49
7890,-3.8722,-0.8993,-0.9669,-1335.69,-1595.34,-142.82
7900,-3.8723,-0.9414,-0.7723,898.68,248.23,-626.89
7910,-3.8726,-0.9468,-0.5627,-491.94,1154.36,-1814.03
7920,-3.8729,-0.9619,-0.3943,-1179.44,-17.52,-1391.78
7930,-3.8732,-0.9930,-0.2880,883.06,1544.98,1921.08
7940,-3.8733,-1.0125,-0.2328,898.68,-845.70,1452.51
7950,-3.8734,-1.0044,-0.2173,-1585.69,-1783.26,-1000.49
7960,-3.8734,-0.9657,-0.2251,-554.44,201.11,1124.57
7970,-3.8735,-0.9003,-0.2318,398.68,-798.77,-1281.74
7980,-3.8737,-0.8231,-0.2292,773.68,-1658.02,1265.14
7990,-3.8739,-0.7615,-0.2341,-1351.32,-1329.77,624.51
8000,-3.8741,-0.7263,-0.2526,-1460.69,-1954.65,843.26
8010,-3.8744,-0.6938,-0.2599,-960.69,-313.96,-703.67
8020,-3.8746,-0.6494,-0.2382,-804.44,-1251.40,-563.05
8030,-3.8750,-0.6041,-0.2047,883.06,1529.97,-1281.74
8040,-3.8441,-0.5687,-0.1830,-1320.07,1811.28,1530.82
8050,-3.8444,-0.5394,-0.1731,-788.82,592.59,93.38
8060,-3.8446,-0.5125,-0.1691,-1038.82,1858.28,1530.88
8070,-3.8448,-0.4954,-0.1715,-1585.69,-1626.04,-125.37
8080,-3.8450,-0.4841,-0.1694,601.81,-1938.48,-844.12
8090,-3.8451,-0.4645,-0.1514,-1960.69,-1672.85,-1312.87
8100,-3.8452,-0.4351,-0.1296,554.93,639.71,1030.94
8110,-3.8455,-0.4077,-0.1246,320.56,-578.98,-625.31
8120,-3.8455,-0.3865,-0.1436,-179.44,61.65,31.01
8130,-3.8456,-0.3672,-0.1758,-1460.69,1639.83,-359.68
8140,-3.8455,-0.3572,-0.2115,1008.06,1514.89,609.01
8150,-3.8455,-0.3619,-0.2480,-1710.69,936.77,1265.20
8160,-3.8455,-0.3717,-0.2842,1679.93,264.89,1702.64
8170,-3.8455,-0.3746,-0.3301,429.93,-360.11,1311.89
8180,-3.8456,-0.3635,-0.3890,54.93,1764.89,-1547.55
8190,-3.8458,-0.3420,-0.4595,1476.81,-1781.98,-344.54
8200,-3.8461,-0.3262,-0.5726,226.81,1202.45,1217.83
8210,-3.8463,-0.3036,-0.7583,-1741.94,-1281.92,1420.72
8220,-3.8463,-0.2177,-0.9872,1148.68,-1047.49,-1892.15
8230,-3.8462,-0.0334,-1.2173,148.68,1655.82,-1470.70
8240,-3.8462,0.2260,-1.4570,-273.19,203.00,-189.88
8250,-3.8462,0.5385,-1.7202,929.93,1500.43,-315.37
8260,-3.8461,0.8986,-1.9790,929.93,-186.46,-1394.04
8270,-3.8458,1.2961,-2.1951,-976.32,-1310.79,824.22
8280,-3.8457,1.7311,-2.3507,1914.31,-966.25,-676.21
8290,-3.8456,2.1969,-2.4399,1586.18,-887.27,-1098.39
8300,-3.8455,2.6670,-2.4623,1211.18,-308.23,292.05
8310,-3.8455,3.1066,-2.3746,1383.06,833.31,1698.30
8320,-3.8453,3.4609,-2.1440,1648.68,52.92,932.86
8330,-3.8451,3.7068,-1.8698,-991.94,1569.21,1370.79
8340,-3.8446,3.8859,-1.6957,-1523.19,679.08,777.59
8350,-3.8439,3.9955,-1.7180,1398.68,-1039.31,918.52
8360,-3.8739,3.9803,-1.9838,-570.07,101.50,481.02
8370,-3.8721,3.8260,-2.3907,1492.43,-1914.12,1589.84
8380,-3.8698,3.5782,-2.7112,1742.43,1991.82,-1395.32
8390,-3.8674,3.2986,-2.7765,-1976.32,975.71,1213.44
8400,-3.8658,3.0065,-2.5861,-1773.19,615.78,1088.32
8410,-3.8654,2.6752,-2.2859,836.18,990.23,-270.69
8420,-3.8656,2.3102,-2.0242,-1570.07,-588.56,323.61
8430,-3.8666,1.9745,-1.8481,-288.82,910.71,-1769.59
8440,-3.8678,1.7104,-1.7379,742.43,-558.65,-1331.79
8450,-3.8691,1.4988,-1.6716,-1054.44,1550.17,-612.79
8460,-3.8704,1.2922,-1.6349,-148.19,-1965.88,-815.80
8470,-3.8713,1.0697,-1.6134,1414.31,-1263.12,-96.98
8480,-3.8719,0.8119,-1.5697,929.93,1486.45,-1206.30
8490,-3.8722,0.4718,-1.4897,-70.07,-920.35,1434.39
8500,-3.8721,0.0850,-1.4019,398.68,1313.42,-1690.43
8510,-3.8716,-0.2054,-1.3221,-1116.94,562.62,-1362.12
8520,-3.8710,-0.3054,-1.2659,1711.18,-1219.18,856.75
8530,-3.8707,-0.2429,-1.2375,914.31,1983.76,-377.50
8540,-3.8706,-0.1173,-1.2115,914.31,1608.89,1669.43
8550,-3.8707,-0.0339,-1.1675,992.43,937.26,-1127.38
8560,-3.8708,-0.0565,-1.1073,-335.69,-1422.00,1857.06
8570,-3.8710,-0.2052,-1.0447,773.68,-1718.87,122.80
8580,-3.8711,-0.4790,-0.9980,1742.43,-1703.55,1138.55
8590,-3.8710,-0.8215,-0.9625,-1304.44,264.65,-1095.70
8600,-3.8705,-1.1288,-0.9202,-1148.19,810.85,1794.98
8610,-3.8700,-1.3331,-0.8688,-476.32,-1767.88,-642.46
8620,-3.8695,-1.4240,-0.8103,1367.43,809.88,-1267.33
8630,-3.8691,-1.4301,-0.7439,1742.43,294.07,1342.16
8640,-3.8690,-1.3898,-0.6776,961.18,794.07,1451.66
8650,-3.8691,-1.3232,-0.6217,-1882.57,1278.50,-970.09
8660,-3.8694,-1.2516,-0.5668,-1366.94,434.88,-1282.47
8670,-3.8698,-1.1985,-0.4977,-195.07,-533.75,655.09
8680,-3.8704,-1.1747,-0.4141,-1398.19,310.12,-1657.23
8690,-3.8710,-1.1765,-0.3430,1648.68,-986.69,-1063.35
8700,-3.8715,-1.1711,-0.3059,1414.31,107.06,1468.08
8710,-3.8719,-1.1230,-0.2806,-1898.19,857.06,-781.86
8720,-3.8723,-1.0391,-0.2478,258.06,91.55,1546.33
8730,-3.8728,-0.9541,-0.2094,-991.94,294.80,780.76
8740,-3.8734,-0.8854,-0.1738,1883.06,1216.86,499.57
8750,-3.8741,-0.8348,-0.1515,-1320.07,1763.85,-781.62
8760,-3.8748,-0.8008,-0.1427,1148.68,623.35,-890.93
8770,-3.8440,-0.7577,-0.1339,1508.06,1748.41,655.94
8780,-3.8446,-0.6876,-0.1149,-976.32,-1126.53,-344.06
8790,-3.8450,-0.6074,-0.0963,-7.57,1311.10,452.88
8800,-3.8453,-0.5380,-0.0984,-1741.94,-313.72,109.13
8810,-3.8457,-0.4902,-0.1245,-851.32,-579.22,-625.24
8820,-3.8458,-0.4657,-0.1636,1258.06,77.15,-1203.37
8830,-3.8458,-0.4526,-0.1976,398.68,-922.79,1937.13
8840,-3.8458,-0.4371,-0.2150,-1929.44,-1282.17,-1906.68
8850,-3.8458,-0.4194,-0.2179,54.93,499.15,546.45
8860,-3.8459,-0.4120,-0.2158,-1679.44,124.15,280.82
8870,-3.8462,-0.4244,-0.2358,-726.32,389.77,515.20
8880,-3.8466,-0.4456,-0.3306,1679.93,1827.27,1655.76
8890,-3.8469,-0.4242,-0.5098,-1023.19,1702.21,-766.30
8900,-3.8472,-0.3058,-0.7111,1711.18,-1235.23,-63.54
8910,-3.8473,-0.0929,-0.8972,867.43,999.39,1920.47
8920,-3.8475,0.1825,-1.0743,117.43,1171.69,966.98
8930,-3.8480,0.5021,-1.2374,-632.57,-1515.32,-1377.14
8940,-3.8485,0.8345,-1.3765,273.68,1610.35,28.81
8950,-3.8492,1.1365,-1.4845,-1179.44,-185.91,-737.12
8960,-3.8499,1.3979,-1.5551,1476.81,1986.57,-1643.55
8970,-3.8505,1.6228,-1.5597,-1054.44,955.81,-721.80
8980,-3.8510,1.7994,-1.4719,-273.19,362.49,965.70
8990,-3.8516,1.8981,-1.3234,-1663.82,-402.77,-706.05
9000,-3.8519,1.9097,-1.1853,-1038.82,-1386.96,591.13
9010,-3.8522,1.8888,-1.1191,445.56,284.97,278.93
9020,-3.8522,1.9041,-1.1366,1773.68,753.66,419.68
9030,-3.8521,1.9647,-1.2224,-273.19,-1480.71,-1330.38
9040,-3.8517,2.0321,-1.3363,-507.57,-464.97,356.93
9050,-3.8514,2.0591,-1.4561,117.43,957.09,-362.00
9060,-3.8510,2.0177,-1.6394,-429.44,1628.97,637.76
9070,-3.8503,1.8835,-1.9731,-1726.32,-1839.84,1356.14
9080,-3.8492,1.6497,-2.4711,1101.81,-558.84,-1550.78
9090,-3.8474,1.4445,-3.0070,-835.69,-293.70,-1458.01
9100,-3.8447,1.4303,-3.4174,898.68,-887.82,87.83
9110,-3.8728,1.5645,-3.6622,-913.82,-1419.13,-1037.96
9120,-3.8690,1.6692,-3.7634,258.06,-762.57,24.05
9130,-3.8654,1.6946,-3.6835,1664.31,-1715.52,8.24
9140,-3.8624,1.7046,-3.4176,914.31,518.92,164.67
9150,-3.8607,1.6803,-3.0942,-1804.44,-1449.83,1508.91
9160,-3.8602,1.5543,-2.8387,-913.82,-59.27,1993.90
9170,-3.8606,1.3445,-2.6515,-1038.82,643.62,650.70
9180,-3.8615,1.1038,-2.4899,101.81,612.00,1291.69
9190,-3.8623,0.8480,-2.3521,1289.31,1299.01,635.74
9200,-3.8630,0.5897,-2.2350,554.93,-1060.85,1995.36
9210,-3.8635,0.3468,-2.1218,-507.57,1922.97,-1113.77
9220,-3.8638,0.1335,-2.0173,398.68,406.92,1308.35
9230,-3.8641,-0.0200,-1.9144,1101.81,1781.49,-1988.34
9240,-3.8647,-0.0983,-1.8011,1445.56,-1031.31,777.47
9250,-3.8658,-0.1350,-1.6907,-570.07,1468.51,-1175.42
9260,-3.8672,-0.1705,-1.5997,-1273.19,-390.93,-956.48
9270,-3.8685,-0.2076,-1.5314,-1820.07,-750.37,449.95
9280,-3.8699,-0.2292,-1.4736,1429.93,-0.43,1653.20
9290,-3.8710,-0.2332,-1.4099,-1335.69,-609.86,1450.20
9300,-3.8718,-0.2295,-1.3390,-1835.69,-453.61,653.44
9310,-3.8726,-0.2336,-1.2683,-1366.94,624.51,-18.25
9320,-3.8729,-0.2518,-1.1984,-1898.19,1671.39,-1940.00
9330,-3.8733,-0.2721,-1.1268,-226.32,-1375.55,-674.26
9340,-3.8735,-0.2844,-1.0532,1179.93,-219.30,1403.99
9350,-3.8738,-0.2965,-0.9771,-398.19,1202.51,357.30
9360,-3.8740,-0.3145,-0.8975,-1945.07,-1047.49,951.17
9370,-3.8743,-0.3292,-0.8170,-241.94,1139.95,-1501.77
9380,-3.8745,-0.3368,-0.7404,1867.43,-563.17,-95.40
9390,-3.8746,-0.3496,-0.6615,898.68,1249.33,436.04
9400,-3.8750,-0.3727,-0.5709,-741.94,-656.98,-1157.59
9410,-3.8441,-0.3912,-0.4631,304.93,-1063.23,-1891.78
9420,-3.8446,-0.3893,-0.3480,1929.93,733.58,-1079.04
9430,-3.8451,-0.3685,-0.2473,-1820.07,-532.04,-469.48
9440,-3.8455,-0.3455,-0.1659,836.18,358.64,-1875.49
9450,-3.8458,-0.3373,-0.1019,-210.69,-1219.48,-203.49
9460,-3.8459,-0.3328,-0.0562,836.18,-1031.92,1671.63
9470,-3.8461,-0.3147,-0.0194,1414.31,827.45,-922.00
9480,-3.8461,-0.2916,0.0187,-273.19,1530.58,953.06
9490,-3.8462,-0.2769,0.0559,-1320.07,-1594.36,-1953.12
9500,-3.8463,-0.2719,0.0859,570.56,-828.67,-671.81
9510,-3.8463,-0.2802,0.1088,1211.18,-984.92,953.25
9520,-3.8464,-0.3036,0.1271,148.68,1936.95,-1843.57
9530,-3.8466,-0.3313,0.1378,1148.68,280.64,-1077.88
9540,-3.8467,-0.3622,0.1315,1601.81,1655.58,-468.51
9550,-3.8468,-0.4009,0.0939,1648.68,843.02,-718.51
9560,-3.8469,-0.4360,0.0129,695.56,30.46,-1937.32
9570,-3.8470,-0.4506,-0.1194,195.56,1671.02,1765.62
9580,-3.8470,-0.4207,-0.2985,-1663.82,733.46,499.76
9590,-3.8470,-0.3167,-0.4911,-1835.69,1811.65,1780.64
9600,-3.8470,-0.1492,-0.6519,-523.19,1155.58,-1610.35
9610,-3.8470,0.0352,-0.7777,914.31,577.82,748.72
9620,-3.8472,0.1875,-0.8937,508.06,453.19,-985.90
9630,-3.8472,0.2727,-1.0249,8.06,1609.74,1935.73
9640,-3.8473,0.3098,-1.1976,-1085.69,812.99,-1236.39
9650,-3.8474,0.3613,-1.4097,-335.69,-1296.33,44.49
9660,-3.8477,0.4915,-1.6509,-1741.94,-436.83,122.19
9670,-3.8479,0.7529,-1.8857,-1085.69,688.42,1231.14
9680,-3.8481,1.1316,-2.0319,383.06,-1373.54,-269.35
9690,-3.8483,1.5321,-2.0637,851.81,-75.93,-50.90
9700,-3.8483,1.8621,-2.0481,117.43,-153.26,-1597.84
9710,-3.8483,2.0875,-2.0569,-1648.19,1847.35,1292.85
9720,-3.8484,2.2416,-2.1064,-788.82,722.78,1964.72
9730,-3.8485,2.3918,-2.1624,-1070.07,-1620.67,1073.97
9740,-3.8486,2.5391,-2.2288,-1835.69,-776.61,-1629.27
9750,-3.8485,2.5907,-2.3711,1008.06,-1276.31,-520.02
9760,-3.8479,2.4525,-2.6298,-382.57,505.00,-567.14
9770,-3.8467,2.1367,-2.9508,1929.93,-604.61,-317.69
9780,-3.8447,1.7877,-3.2188,1508.06,-1698.97,947.33
9790,-3.8737,1.5732,-3.3621,836.18,3.48,1587.46
9800,-3.8712,1.5463,-3.3895,1383.06,1659.30,-1584.72
9810,-3.8690,1.6351,-3.3364,1929.93,-1856.38,-756.65
9820,-3.8673,1.7448,-3.2227,1304.93,940.67,1165.34
9830,-3.8665,1.7831,-3.0748,-663.82,-496.64,1493.65
9840,-3.8663,1.6774,-2.9382,242.43,-1574.65,1962.71
9850,-3.8667,1.4446,-2.8418,-1288.82,-90.52,-537.05
9860,-3.8672,1.1655,-2.7693,914.31,252.81,-427.43
9870,-3.8676,0.8909,-2.7067,1195.56,1533.51,416.44
9880,-3.8679,0.5916,-2.6801,-1960.69,1548.58,1557.19
9890,-3.8680,0.2267,-2.6992,-273.19,954.22,-645.87
9900,-3.8677,-0.1176,-2.6989,1023.68,-1499.57,1291.56
9910,-3.8673,-0.3008,-2.5959,961.18,-1437.74,-208.44
9920,-3.8672,-0.3284,-2.4037,1508.06,-266.24,-302.00
9930,-3.8676,-0.3356,-2.2079,1976.81,343.08,-676.57
9940,-3.8682,-0.4225,-2.0605,1054.93,1405.58,1230.04
9950,-3.8689,-0.5657,-1.9448,1929.93,264.77,-1863.40
9960,-3.8695,-0.6855,-1.8210,-398.19,-923.03,652.40
9970,-3.8702,-0.7357,-1.6769,258.06,-1079.47,-1862.98
9980,-3.8710,-0.7214,-1.5247,1836.18,1373.54,1418.58
9990,-3.8717,-0.6833,-1.3872,-335.69,857.91,1262.63
10000,-3.8723,-0.6670,-1.2795,539.31,-1548.22,794.13
10010,-3.8728,-0.6886,-1.1880,-1366.94,233.03,591.25
10020,-3.8733,-0.7195,-1.0879,-132.57,-48.28,-299.26
10030,-3.8735,-0.7229,-0.9771,-85.69,764.16,857.24
10040,-3.8738,-0.7024,-0.8779,-523.19,-1048.34,357.42
10050,-3.8739,-0.6843,-0.8010,-1898.19,-360.78,170.10
10060,-3.8739,-0.6769,-0.7434,414.31,1483.03,451.54
10070,-3.8739,-0.6693,-0.7003,1367.43,858.03,-626.46
10080,-3.8738,-0.6552,-0.6633,-1663.82,-1626.34,-688.90
10090,-3.8737,-0.6422,-0.6300,148.68,-891.91,-1048.22
